{
    "1":2.391031379816382,
    "2":6.360506134039265,
    "3":9.224237365819649,
    "4":16.218273445404467,
    "5":13.62640782962948,
    "6":26.301453873588226,
    "7":28.035904884753233,
    "8":28.963308892495256,
    "9":0.9142838105961413,
    "10":5.782981609290029,
    "11":1.1883299120966715,
    "12":16.109417195598237,
    "13":17.74284134728765,
    "14":21.96015142316062,
    "15":0.605214184163576,
    "16":0.579732904198373,
    "17":23.340750467078397,
    "18":7.90906439024148,
    "19":0.2527849755354459,
    "20":9.369238944883392,
    "21":2.8318580092555963,
    "22":1.1468882949189614,
    "23":14.640589992397047,
    "24":13.286945182084642,
    "25":5.843035519180683,
    "26":6.773129193270235,
    "27":1.8324744512919828,
    "28":2.5740151523624855,
    "29":0.22928669874102595,
    "30":0.19239995707911517,
    "31":17.917378541931026,
    "32":25.855062884860615,
    "33":27.708418786577596,
    "34":9.403087666110288,
    "35":11.496603108689099,
    "36":0.6145234930825378,
    "37":0.3874507965205212,
    "38":16.957462070355284,
    "39":19.133773674119542,
    "40":21.43617288587209,
    "41":18.68083605228648,
    "42":28.964639582588347,
    "43":2.2075200362214806,
    "44":12.661539790711759,
    "45":0.7291183906147765,
    "46":6.474557678163569,
    "47":2.6761292791580007,
    "48":20.135910176677836,
    "49":14.201006570158365,
    "50":5.687885167315602,
    "51":1.0774474408450019,
    "52":0.5457739397852616,
    "53":8.655537342884779,
    "54":15.63794253628709,
    "55":5.9868587296076505,
    "56":0.41279278052842977,
    "57":3.59635594095647,
    "58":1.0909076265381061,
    "59":16.071330142054048,
    "60":0.5985600181018834,
    "61":1.3763012192221904,
    "62":0.753658001999091,
    "63":20.933190831345946,
    "64":0.6291558628178314,
    "65":2.536715633677474,
    "66":16.52843901627963,
    "67":23.141294527203108,
    "68":21.577954257216483,
    "69":24.16837286366424,
    "70":14.516174744671305,
    "71":1.0904126758316182,
    "72":8.83496010883811,
    "73":11.539653200470319,
    "74":0.9907617851696967,
    "75":0.6857692960671237,
    "76":0.7106438009435926,
    "77":18.66707344114755,
    "78":17.46585732548057,
    "79":15.843863443761935,
    "80":28.958497498020087,
    "81":17.318597462251727,
    "82":0.7692021055197018,
    "83":11.831500426866125,
    "84":1.2599579723581915,
    "85":23.81752895324792,
    "86":0.0448067172626696,
    "87":0.6897694850234429,
    "88":0.8449581230851012,
    "89":1.7362503941799292,
    "90":2.0862046868402837,
    "91":2.606672523717178,
    "92":2.4388331071994425,
    "93":1.7004416466715822,
    "94":3.00829138340553,
    "95":2.965582626171662,
    "96":1.8583795061201698,
    "97":2.9820426775410787,
    "98":2.3355928932744274,
    "99":2.2334313966093893,
    "100":3.2638055868670395,
    "101":2.0321458639913543,
    "102":2.6978156660380432,
    "103":2.6804123035738243,
    "104":2.9458851731933184,
    "105":3.1483454099001165,
    "106":2.1031974433412586,
    "107":2.5101573963038106,
    "108":2.6576484150786213,
    "109":2.0035291421190524,
    "110":1.6158504235843574,
    "111":1.6851875867865127,
    "112":2.643009930775453,
    "113":2.592815177549391,
    "114":2.5897457839481715,
    "115":2.9198633323976257,
    "116":2.4040948020321546,
    "117":3.002092608458787,
    "118":1.9883905112064664,
    "119":2.058326808159601,
    "120":2.145653678788646,
    "121":2.5347452226876728,
    "122":1.9916029684057641,
    "123":2.506070182785263,
    "124":2.9094439159267425,
    "125":2.7671815088473397,
    "126":2.88763518034069,
    "127":2.58335121604373,
    "128":2.0374570632209035,
    "129":3.431022600747254,
    "130":2.9955334603594306,
    "131":1.8217190400419696,
    "132":3.479699552302856,
    "133":2.1474190149408363,
    "134":2.4229795410708577,
    "135":2.315384933825899,
    "136":2.91646461856855,
    "137":3.338406315218564,
    "138":2.4269447781194002,
    "139":4.008147233595316,
    "140":2.664425917508467,
    "141":1.8081738945305739,
    "142":2.3104403179510182,
    "143":2.485077903654007,
    "144":2.267990793984896,
    "145":2.9650364227401056,
    "146":2.4281503821342407,
    "147":2.542629571384823,
    "148":3.2274016712462164,
    "149":2.7896254146862325,
    "150":2.748860769233014,
    "151":9.929801248447626,
    "152":11.98155630228803,
    "153":22.47664186908239,
    "154":12.488437871484857,
    "155":26.560249930395887,
    "156":27.876066818812024,
    "157":28.963744694570387,
    "158":28.946785660950923,
    "159":28.962164439080855,
    "160":28.95468777980909,
    "161":26.119901047506826,
    "162":27.161864807264756,
    "163":8.643270406735022,
    "164":0.625323732662716,
    "165":17.51829161087475,
    "166":1.0874815833727431,
    "167":1.0173707481213756,
    "168":0.7380811019810898,
    "169":0.5141424022190529,
    "170":0.730054376039627,
    "171":17.531115151670218,
    "172":24.57374928159256,
    "173":27.246456604036222,
    "174":25.451305601727988,
    "175":0.7761961944710223,
    "176":0.7430415334677425,
    "177":15.243810346022089,
    "178":0.9929431461050875,
    "179":16.78543299883754,
    "180":26.24906698727737,
    "181":25.28851038238789,
    "182":13.697795276708876,
    "183":0.9223617008089915,
    "184":7.828018503829807,
    "185":11.558903608026876,
    "186":0.4347127222030702,
    "187":0.6672184627465879,
    "188":0.5291601883850108,
    "189":0.29478395938545754,
    "190":9.423319589061448,
    "191":15.129364856301626,
    "192":26.35424161271206,
    "193":27.37706706853098,
    "194":26.27979077843644,
    "195":28.955438014824477
}