{
    "1":2.390454744568491,
    "2":6.803910696735637,
    "3":12.950298813532282,
    "4":17.00607581485372,
    "5":23.401045121458203,
    "6":25.188913842192242,
    "7":20.441151688986622,
    "8":26.087493285982323,
    "9":12.661154584109998,
    "10":0.7661255456464088,
    "11":11.81568060830241,
    "12":11.086951119444018,
    "13":6.544821674246677,
    "14":0.7716971610415886,
    "15":1.0032190357264499,
    "16":0.3337316326268011,
    "17":18.160909758555036,
    "18":1.8389710924559122,
    "19":23.856377963752493,
    "20":23.177583312582314,
    "21":24.054801589102045,
    "22":2.3508378135648216,
    "23":0.2291809398505885,
    "24":0.5611491528713957,
    "25":16.646689820126266,
    "26":23.807816432340772,
    "27":17.5366643640735,
    "28":27.483436202498115,
    "29":25.891477412008303,
    "30":11.302951772169937,
    "31":0.295735613522648,
    "32":14.698557327141215,
    "33":1.253446357814786,
    "34":21.00795815279201,
    "35":0.6405666932051413,
    "36":0.6738155966943857,
    "37":1.0531109315651803,
    "38":24.908222207533907,
    "39":25.997288398430534,
    "40":28.936578754433487,
    "41":14.057709742822592,
    "42":0.901163676752001,
    "43":0.6381524374563551,
    "44":1.131476508532642,
    "45":16.485984246837308,
    "46":16.865436641413417,
    "47":22.030718402978096,
    "48":16.75656127361762,
    "49":27.26331952925704,
    "50":0.5083905029689134,
    "51":0.2914399427487109,
    "52":1.1814043290972696,
    "53":17.82392490168606,
    "54":0.7865336048655718,
    "55":16.713617528083784,
    "56":25.649679309451972,
    "57":24.579239822439426,
    "58":24.00740284624616,
    "59":5.802248094181616,
    "60":0.6899010664523949,
    "61":13.301710602172358,
    "62":1.8609459767964955,
    "63":0.7448704731552019,
    "64":0.6542928554611496,
    "65":2.4480075403921817,
    "66":5.810724207667586,
    "67":13.966712013375865,
    "68":24.4214948481655,
    "69":25.619778388297,
    "70":27.619584046752642,
    "71":18.37879268200258,
    "72":18.77212904008608,
    "73":2.0495750333647793,
    "74":0.22599096530168078,
    "75":1.4112861255088558,
    "76":18.727703225679303,
    "77":18.203944046971042,
    "78":0.5227628943680102,
    "79":0.7419800125487405,
    "80":21.215290341888565,
    "81":11.62307861127303,
    "82":13.906964522967003,
    "83":27.46293095914132,
    "84":26.159413901081322,
    "85":0.9333534695015008,
    "86":0.4738301305119779,
    "87":16.3435930161319,
    "88":21.120590887888632,
    "89":23.22723240392334,
    "90":24.383659912718265,
    "91":26.26226902032416,
    "92":0.7055050006429782,
    "93":0.8610504518753257,
    "94":0.7159073666008088,
    "95":18.169694223782106,
    "96":6.1325953571219145,
    "97":12.963657732711416,
    "98":18.597755456847864,
    "99":25.24991200311464,
    "100":5.9002585737192526,
    "101":6.337448824046812,
    "102":19.761466050958255,
    "103":11.064984711588282,
    "104":8.803081246789356,
    "105":7.3526748239418005,
    "106":0.7870007691088008,
    "107":8.376571814066223,
    "108":6.785009770428986,
    "109":0.9926622464076438,
    "110":1.2690189747951504,
    "111":11.951063559296399,
    "112":8.614494077737023,
    "113":21.314171024757414,
    "114":7.107165635662729,
    "115":0.5748238392816257,
    "116":0.7119467673234326,
    "117":16.26743886063919,
    "118":22.92475177400261,
    "119":24.767509671945806,
    "120":25.173849367585724,
    "121":13.30007171657739,
    "122":0.6922002812938611,
    "123":9.684883367515347,
    "124":5.870906173157329,
    "125":0.730123061202258,
    "126":13.223694241682729,
    "127":0.8832890522433097,
    "128":0.4332163906310941,
    "129":1.2430741534680172,
    "130":0.5778518139192282,
    "131":18.242558175572583,
    "132":3.172282497959548,
    "133":17.335092694765816,
    "134":17.057772736534353,
    "135":24.15315563420167,
    "136":24.588462221656012,
    "137":10.225820984162857,
    "138":5.666506452199108,
    "139":21.71143804090114,
    "140":13.374050884008735,
    "141":2.4006145851605956,
    "142":0.7549178248437124,
    "143":0.1668597085273598,
    "144":21.284896056763696,
    "145":0.643699157323412,
    "146":17.065135464630625,
    "147":0.4853940294933554,
    "148":0.7617373588115859,
    "149":26.29504188995357,
    "150":9.81295238975778,
    "151":21.1276394756788,
    "152":0.39209432374271974,
    "153":0.04263415812678919,
    "154":1.0583400111299621,
    "155":18.364619279706858,
    "156":13.764946689792183
}