{
    "1":2.843552202643917,
    "2":5.7597898953720925,
    "3":15.078103018231584,
    "4":19.278299854737764,
    "5":24.618124907477437,
    "6":25.717164925697283,
    "7":22.38995363958304,
    "8":26.15718386477101,
    "9":10.835010542287721,
    "10":0.7713934832657732,
    "11":12.070745220284676,
    "12":11.613107475568418,
    "13":6.203411454433252,
    "14":1.135685902867063,
    "15":0.6829569378744264,
    "16":0.7546355283999934,
    "17":18.38039104130928,
    "18":1.818646589100687,
    "19":24.263250286482275,
    "20":24.870099555523478,
    "21":23.886458673067697,
    "22":3.2739827751792276,
    "23":1.0442568006073227,
    "24":0.6494199919518328,
    "25":18.414016617296763,
    "26":10.28815479097725,
    "27":5.807370536659594,
    "28":17.413222038371483,
    "29":18.544599629312973,
    "30":21.228417917200314,
    "31":28.95580922761933,
    "32":28.952195093483265,
    "33":7.827289878606659,
    "34":0.5108197842511082,
    "35":13.370449286126725,
    "36":6.543573663155402,
    "37":0.8715142890418782,
    "38":10.166913666700923,
    "39":11.032253145377885,
    "40":0.7171724715183302,
    "41":12.015583244333834,
    "42":10.128192173195968,
    "43":6.55247018143074,
    "44":8.27380153822944,
    "45":7.054701420158319,
    "46":0.0,
    "47":0.6995464215842565,
    "48":0.48927010738987836,
    "49":10.724105383013713,
    "50":16.657789662617056,
    "51":24.862766468641354,
    "52":25.52842236016337,
    "53":28.958339109682132,
    "54":28.953375170944774,
    "55":6.955973015350785,
    "56":1.4678026418250143,
    "57":1.0281704543289965,
    "58":0.46345157949674654,
    "59":0.7716333972711484,
    "60":20.385699477776377,
    "61":26.03870319946186,
    "62":28.972761125780206,
    "63":28.960665474702378,
    "64":28.957508999147468,
    "65":28.966586072676648,
    "66":28.96137548204937,
    "67":28.96168602206905,
    "68":19.952260722636474,
    "69":0.7546127603552691,
    "70":2.764474871902051,
    "71":2.6340346603508373,
    "72":27.39586154005652,
    "73":12.851302664824452,
    "74":17.565599741675193,
    "75":0.34751922101064714,
    "76":0.7840961573096891,
    "77":28.963001173045633,
    "78":0.5988518034485232,
    "79":0.3850380607065999,
    "80":23.912295113737684,
    "81":23.976997827638634,
    "82":0.34719723618446,
    "83":26.053352850773205,
    "84":28.954342239159104,
    "85":0.38175033524284974,
    "86":0.23254852239670992,
    "87":0.9960347971086243,
    "88":0.419511843126509,
    "89":1.1739065883185429,
    "90":0.0,
    "91":17.81647881624822,
    "92":21.287754012067435,
    "93":27.40982420764183,
    "94":6.430418343603479,
    "95":8.543508916569788,
    "96":6.893672639378805,
    "97":0.5153223296390008,
    "98":15.134374544470393,
    "99":0.7742013263658172,
    "100":11.424519335372025,
    "101":0.6972644774947225,
    "102":0.2559338977954338,
    "103":13.026603852732409,
    "104":1.802216995099234,
    "105":17.382678508603508,
    "106":15.952663924558058,
    "107":23.141356569079594,
    "108":23.050133995789206,
    "109":11.465545586233848,
    "110":6.147628270644917,
    "111":21.656153167429572,
    "112":13.427164651803604,
    "113":2.644364483413946,
    "114":0.34637436030604596,
    "115":12.306702994423798,
    "116":1.1295234228966788,
    "117":23.655585877691276,
    "118":15.933727678820077,
    "119":0.7067537286394884,
    "120":6.949391090174833,
    "121":1.1215572859886012,
    "122":26.23765247774168,
    "123":11.779041890646704,
    "124":12.518344720281203,
    "125":0.8255209551327746,
    "126":0.6286524258189847,
    "127":18.130190305910375,
    "128":14.589227422766909
}