{
    "1":0.0,
    "2":5.995289638163523,
    "3":14.507027520630508,
    "4":23.7898689935077,
    "5":32.540826748218386,
    "6":41.3983832317125,
    "7":46.42088277217,
    "8":52.081350272563405,
    "9":52.71918449916423,
    "10":51.0244616779174,
    "11":51.96298233617575,
    "12":52.533763822387094,
    "13":51.90194746455656,
    "14":43.04501624238764,
    "15":31.66595588658559,
    "16":15.465955886585588,
    "17":23.730842630234363,
    "18":24.379211769602076,
    "19":33.40400006018095,
    "20":41.02762919319309,
    "21":45.84643226709663,
    "22":44.28144213510364,
    "23":28.586537425348318,
    "24":17.261385706474783,
    "25":24.931096235586104,
    "26":34.126543438898175,
    "27":39.0857102037014,
    "28":48.15319330327004,
    "29":52.09872712174908,
    "30":51.60524532648281,
    "31":48.566024917219885,
    "32":52.72359884716117,
    "33":49.81601581389562,
    "34":51.53621610298299,
    "35":48.00018698556069,
    "36":33.05717966956739,
    "37":23.142149780762395,
    "38":32.22706844080893,
    "39":40.651195281433885,
    "40":49.67798302924914,
    "41":51.38875264111453,
    "42":48.59964030234621,
    "43":37.84545727227619,
    "44":21.64545727227619,
    "45":28.11387728253184,
    "46":33.09736910843095,
    "47":39.14998965930929,
    "48":44.311848863389244,
    "49":53.00129166552343,
    "50":51.46603638506972,
    "51":37.06205523004942,
    "52":20.862055230049418,
    "53":28.03777180781774,
    "54":26.766468592628986,
    "55":31.95582579774611,
    "56":40.78160027582959,
    "57":47.48073595933445,
    "58":51.93041536402435,
    "59":51.19727688410797,
    "60":48.813927213368125,
    "61":49.99478051566066,
    "62":48.953291422999584,
    "63":37.14511175315658,
    "64":21.193319902436976,
    "65":20.338998912701552,
    "66":22.369635281998832,
    "67":27.117538164209744,
    "68":36.11788813465106,
    "69":44.27888967714104,
    "70":50.08850042381802,
    "71":51.702442610082336,
    "72":52.95693167915115,
    "73":51.988721383684435,
    "74":52.93633778109693,
    "75":48.83319267431752,
    "76":49.66864451985353,
    "77":50.45810872783338,
    "78":34.258108727833374,
    "79":18.05810872783338,
    "80":27.214005343349772,
    "81":33.92146845125978,
    "82":41.228116231778756,
    "83":48.26404894618702,
    "84":52.85516198983893,
    "85":36.65516198983894,
    "86":20.455161989838935,
    "87":26.50341297722899,
    "88":32.85204996631958,
    "89":41.768810995998905,
    "90":49.400105917328155,
    "91":52.39759173920856,
    "92":43.48353212720228,
    "93":29.343133603247107,
    "94":19.26166493641287,
    "95":26.43586725296527,
    "96":29.21104826549513,
    "97":34.389981586378795,
    "98":40.346004900694616,
    "99":48.254650060687936,
    "100":49.934617019822014,
    "101":48.913883195459036,
    "102":51.88486886930198,
    "103":52.548008190239905,
    "104":52.43386089195975,
    "105":52.20444405990199,
    "106":50.30037073987083,
    "107":51.736025460516224,
    "108":52.556106474870006,
    "109":48.45108015612246,
    "110":48.76474814036408,
    "111":49.151892054272004,
    "112":48.55815594234982,
    "113":51.68554088421644,
    "114":50.2102318892862,
    "115":40.00220132001672,
    "116":24.71313358880576,
    "117":30.558185459589556,
    "118":38.27350401145403,
    "119":44.34565782701593,
    "120":49.89642778520019,
    "121":52.32067464853183,
    "122":50.767451672838185,
    "123":51.52593493422971,
    "124":51.5029882956344,
    "125":48.9518647759735,
    "126":51.43643803743192,
    "127":49.88661461129331,
    "128":47.66295926705866,
    "129":31.758908723918037,
    "130":15.934965068967335,
    "131":24.483561589270153,
    "132":24.98409028969817,
    "133":30.537486037920413,
    "134":35.586316848165545,
    "135":42.9380420901265,
    "136":48.571321174838765,
    "137":49.85278091748723,
    "138":49.90944953378768,
    "139":51.92538928470121,
    "140":51.757760807820716,
    "141":51.32509801848338,
    "142":52.298099673413795,
    "143":51.13668836039969,
    "144":52.9247535770993,
    "145":48.54970545425558,
    "146":51.55401010624611,
    "147":52.98999571358332,
    "148":48.807197439805726,
    "149":52.39433543906094,
    "150":50.859099853984205,
    "151":51.9589308244224,
    "152":49.724901363845106,
    "153":49.64057110870735,
    "154":50.08477828850516,
    "155":50.741898097484494,
    "156":49.851350404392115
}