{
    "1":0.0,
    "2":5.995289638163523,
    "3":14.507027520630508,
    "4":23.7898689935077,
    "5":32.540826748218386,
    "6":41.3983832317125,
    "7":46.42088277217,
    "8":52.081350272563405,
    "9":52.71918449916423,
    "10":51.0244616779174,
    "11":51.96298233617575,
    "12":52.533763822387094,
    "13":51.90194746455656,
    "14":43.04501624238764,
    "15":31.66595588658559,
    "16":15.465955886585588,
    "17":23.730842630234363,
    "18":24.379211769602076,
    "19":33.40400006018095,
    "20":41.02762919319309,
    "21":45.84643226709663,
    "22":44.28144213510364,
    "23":28.586537425348318,
    "24":17.261385706474783,
    "25":24.931096235586104,
    "26":27.91390066728769,
    "27":29.05549629099509,
    "28":33.93559639914734,
    "29":39.35827940802863,
    "30":44.60730109623475,
    "31":53.79095993703073,
    "32":61.1977511135473,
    "33":61.37452478507932,
    "34":51.13668836039969,
    "35":52.838560666688835,
    "36":52.735171134774696,
    "37":50.8157654285013,
    "38":51.496075729359994,
    "39":52.29945720628382,
    "40":50.8654548193469,
    "41":52.12122366731533,
    "42":52.15035159455159,
    "43":51.620627808175165,
    "44":51.6943116000715,
    "45":51.56037109844865,
    "46":48.25965687860735,
    "47":32.05965687860735,
    "48":16.8405174618587,
    "49":21.68713496604935,
    "50":27.8600373165682,
    "51":35.75313995617442,
    "52":43.607114614658066,
    "53":52.39276036744938,
    "54":60.22099417505786,
    "55":60.25077770167725,
    "56":46.217096803307015,
    "57":36.69840127644823,
    "58":23.535523161061903,
    "59":22.809985345595383,
    "60":32.103209663315546,
    "61":41.210747176402116,
    "62":50.25720880898913,
    "63":59.53466450012556,
    "64":67.58107021604,
    "65":75.67294046775704,
    "66":83.08164023108812,
    "67":81.78807883572796,
    "68":83.82854450353452,
    "69":82.55163595748165,
    "70":81.51191291195371,
    "71":80.21021688568436,
    "72":83.85384470644438,
    "73":83.52262986295888,
    "74":84.34271087731265,
    "75":80.23768455856509,
    "76":80.61907507093655,
    "77":84.2554923439029,
    "78":82.12885354932429,
    "79":80.50166976285198,
    "80":82.13718097372941,
    "81":84.60577198758753,
    "82":80.55135254280673,
    "83":80.46853007637927,
    "84":82.79057727335051,
    "85":81.33869285380499,
    "86":78.07976292020194,
    "87":63.770023057847474,
    "88":47.57002305784747,
    "89":31.370023057847472,
    "90":29.334826996843525,
    "91":35.40698081240543,
    "92":41.660295134228846,
    "93":50.33785631938391,
    "94":50.767451672838185,
    "95":51.52593493422971,
    "96":51.5029882956344,
    "97":48.9518647759735,
    "98":51.43643803743192,
    "99":49.88661461129331,
    "100":51.75267440888577,
    "101":37.0028857772439,
    "102":21.178942122293183,
    "103":25.5565960906364,
    "104":24.98409028969817,
    "105":30.537486037920413,
    "106":35.586316848165545,
    "107":42.9380420901265,
    "108":48.571321174838765,
    "109":49.85278091748723,
    "110":49.90944953378768,
    "111":51.92538928470121,
    "112":51.757760807820716,
    "113":51.32509801848338,
    "114":48.86638782166422,
    "115":52.9247535770993,
    "116":48.54970545425558,
    "117":51.55401010624611,
    "118":51.81264178562456,
    "119":49.567921024994114,
    "120":52.98999571358332,
    "121":48.807197439805726,
    "122":52.39433543906094,
    "123":50.859099853984205,
    "124":51.9589308244224,
    "125":49.64057110870735,
    "126":50.08477828850516,
    "127":50.741898097484494,
    "128":49.851350404392115
}