{
    "1":0.0,
    "2":5.995289638163523,
    "3":14.507027520630508,
    "4":23.7898689935077,
    "5":32.540826748218386,
    "6":41.3983832317125,
    "7":46.42088277217,
    "8":52.081350272563405,
    "9":52.71918449916423,
    "10":51.0244616779174,
    "11":51.96298233617575,
    "12":52.533763822387094,
    "13":51.90194746455656,
    "14":43.04501624238764,
    "15":31.66595588658559,
    "16":15.465955886585588,
    "17":23.730842630234363,
    "18":24.379211769602076,
    "19":33.40400006018095,
    "20":41.02762919319309,
    "21":45.84643226709663,
    "22":44.28144213510364,
    "23":28.586537425348318,
    "24":17.261385706474783,
    "25":24.931096235586104,
    "26":34.126543438898175,
    "27":39.0857102037014,
    "28":48.15319330327004,
    "29":52.09872712174908,
    "30":45.443960596793254,
    "31":29.243960596793254,
    "32":17.55898547922063,
    "33":25.53507619858522,
    "34":29.88295226322014,
    "35":36.93611078097943,
    "36":45.87952943638425,
    "37":48.61779251956859,
    "38":52.226026291041755,
    "39":36.02602629104176,
    "40":19.826026291041757,
    "41":27.270423454237292,
    "42":35.77203082042293,
    "43":40.755522646322035,
    "44":46.80814319720038,
    "45":49.83525477570959,
    "46":50.4258551722254,
    "47":48.764144821115885,
    "48":51.187251617959824,
    "49":52.654437486478244,
    "50":49.75425563373149,
    "51":48.384513184907966,
    "52":52.38474284030044,
    "53":51.56119945059077,
    "54":50.461992764216966,
    "55":50.67786607656174,
    "56":37.51320524583873,
    "57":21.313205245838734,
    "58":23.88426082074546,
    "59":21.67099099468344,
    "60":22.011118750832015,
    "61":28.35975573992261,
    "62":37.27651676960193,
    "63":44.31886367824764,
    "64":46.843384502595725,
    "65":30.643384502595726,
    "66":14.443384502595725,
    "67":19.83983459326482,
    "68":25.393230341487065,
    "69":26.101704410181252,
    "70":32.54336923530964,
    "71":39.64215386941737,
    "72":45.850390810432714,
    "73":52.66474938099911,
    "74":58.61055764740724,
    "75":43.86985549401883,
    "76":27.669855494018826,
    "77":24.700566629017516,
    "78":21.719895864962414,
    "79":28.84181395662464,
    "80":34.924009002758936,
    "81":39.70450802262388,
    "82":48.74877675940729,
    "83":56.2035818206191,
    "84":61.64661054510139,
    "85":70.07073738572636,
    "86":78.16364938286581,
    "87":84.34271087731265,
    "88":80.23768455856509,
    "89":80.61907507093655,
    "90":84.2554923439029,
    "91":82.12885354932429,
    "92":84.52177553721734,
    "93":82.13718097372941,
    "94":84.60577198758753,
    "95":83.39778711742753,
    "96":80.46853007637927,
    "97":82.79057727335051,
    "98":81.33869285380499,
    "99":76.60523335551397,
    "100":64.16727554580682,
    "101":47.96727554580682,
    "102":31.767275545806818,
    "103":29.334826996843525,
    "104":28.626431018677735,
    "105":34.69858483423964,
    "106":40.95189915606306,
    "107":49.62946034121811,
    "108":50.767451672838185,
    "109":51.52593493422971,
    "110":51.5029882956344,
    "111":48.9518647759735,
    "112":51.43643803743192,
    "113":49.88661461129331,
    "114":50.414826581390685,
    "115":34.510776038250064,
    "116":18.68683238329936,
    "117":25.5565960906364,
    "118":26.059928647197037,
    "119":33.411653889157996,
    "120":39.04493297387026,
    "121":45.25460042798072,
    "122":49.90944953378768,
    "123":51.92538928470121,
    "124":51.757760807820716,
    "125":51.32509801848338,
    "126":50.57960674196028,
    "127":51.95514105360501,
    "128":49.81601581389562,
    "129":51.13668836039969,
    "130":52.9247535770993,
    "131":48.54970545425558,
    "132":51.55401010624611,
    "133":52.98999571358332,
    "134":50.81883004114509,
    "135":48.807197439805726,
    "136":52.39433543906094,
    "137":50.859099853984205,
    "138":51.9589308244224,
    "139":49.64057110870735,
    "140":51.58565851543577,
    "141":48.51184046274529,
    "142":50.311126160225946
}