{
    "1":0.0,
    "2":7.6312949213292445,
    "3":16.385773197161033,
    "4":22.95986442505382,
    "5":30.556543199652804,
    "6":39.45234752336517,
    "7":48.47983230010606,
    "8":49.85792768833705,
    "9":52.53781067807705,
    "10":50.324885448650576,
    "11":46.04590124806209,
    "12":29.845901248062088,
    "13":23.081916846899272,
    "14":22.332211409132885,
    "15":21.038650013772727,
    "16":29.13156201091218,
    "17":38.04455502240542,
    "18":42.852521715151106,
    "19":47.974156392138404,
    "20":49.151892054272004,
    "21":50.77623703246483,
    "22":50.765031555038995,
    "23":49.725308509511066,
    "24":48.42361248324171,
    "25":52.68738220016019,
    "26":51.09791852458858,
    "27":49.08614218785905,
    "28":52.66790175395564,
    "29":50.45324503011548,
    "30":52.06746704328352,
    "31":48.41515951402032,
    "32":48.65065619072423,
    "33":52.6033730150807,
    "34":52.98999571358332,
    "35":52.82291180543148,
    "36":51.595105294310606,
    "37":52.33788041980484,
    "38":51.39791867778183,
    "39":50.55761606411554,
    "40":48.38600279720978,
    "41":48.62660528927588,
    "42":49.695734014255116,
    "43":42.62202382621489,
    "44":28.5965535665643,
    "45":12.63656643217265,
    "46":20.180704586755702,
    "47":26.622369411884097,
    "48":33.721154045991824,
    "49":42.91660124930389,
    "50":52.00865892070181,
    "51":49.41790584063881,
    "52":34.62733215312266,
    "53":19.984232497054872,
    "54":27.206573853025,
    "55":32.36843305710496,
    "56":41.72661125925162,
    "57":50.60329422461593,
    "58":49.12634098728665,
    "59":39.04620599358454,
    "60":23.490189110339806,
    "61":30.837294362775232,
    "62":38.5526129146397,
    "63":46.64448316635675,
    "64":50.34857927700051,
    "65":50.666211733049835,
    "66":38.29938237035627,
    "67":22.099382370356274,
    "68":27.134504664297946,
    "69":31.831175946080858,
    "70":37.799081697622114,
    "71":45.29265659464503,
    "72":52.9247535770993,
    "73":38.228517941462975,
    "74":27.2595265980141,
    "75":35.42905492026189,
    "76":44.455842668077146,
    "77":49.99175045246736,
    "78":52.5598744930561,
    "79":50.685460372022476,
    "80":52.40091343781457,
    "81":48.75442623187334,
    "82":49.64057110870735,
    "83":52.72359884716117,
    "84":49.505315881013054,
    "85":34.746958610424414,
    "86":23.95604697224649,
    "87":29.757710361228906,
    "88":37.611685019712546,
    "89":42.491785127864794,
    "90":47.91446813674608,
    "91":48.89213515158289,
    "92":41.586370680800954,
    "93":25.38637068080095,
    "94":34.081654793697716,
    "95":40.25455714421657,
    "96":47.307715661975855,
    "97":52.58653211878159,
    "98":48.61779251956859,
    "99":52.226026291041755,
    "100":48.83144308194996,
    "101":51.58339406684519,
    "102":48.68192567393662,
    "103":51.003972870907866,
    "104":37.97976829981599,
    "105":25.32894001993053,
    "106":33.90137352319137,
    "107":40.120526570507145,
    "108":49.09442470603325,
    "109":50.35057657128678,
    "110":51.003246682949644,
    "111":34.80324668294965,
    "112":18.603246682949646,
    "113":26.681165404107702,
    "114":31.640332168910934,
    "115":40.064459009535895,
    "116":45.253816214653014,
    "117":52.468887941460245,
    "118":50.342249146881635,
    "119":51.93041536402435,
    "120":49.957695694263215,
    "121":48.55815594234982,
    "122":51.68554088421644,
    "123":50.2102318892862,
    "124":51.00442469865562,
    "125":50.916012585084076
}