{
    "1":7380.555555555556,
    "2":12855.395351436955,
    "3":19257.134053216312,
    "4":28451.228077703396,
    "5":30147.788147660947,
    "6":46301.27906568007,
    "7":57248.79515022073,
    "8":46504.990206194445,
    "9":70810.07172797465,
    "10":19787.879034587353,
    "11":0.0,
    "12":33643.15058175897,
    "13":0.0,
    "14":0.0,
    "15":39760.09801754362,
    "16":34242.75356611952,
    "17":59386.203811037456,
    "18":64343.717151639314,
    "19":69393.03948060598,
    "20":0.0,
    "21":0.0,
    "22":24713.160259981727,
    "23":0.0,
    "24":0.0,
    "25":0.0,
    "26":0.0,
    "27":27450.802356548964,
    "28":24055.543046883362,
    "29":13181.879883917978,
    "30":51849.40963674747,
    "31":52108.2571096918,
    "32":76530.61002527107,
    "33":0.0,
    "34":0.0,
    "35":55383.84853295973,
    "36":47186.683006099935,
    "37":46827.145087992736,
    "38":66602.87147227161,
    "39":0.0,
    "40":0.0,
    "41":27029.450636591686,
    "42":24619.213470665283,
    "43":0.0,
    "44":22148.78357211313,
    "45":0.0,
    "46":20392.234326924925,
    "47":0.0,
    "48":0.0,
    "49":41479.18324032176,
    "50":65717.12400163765,
    "51":64943.78990852793,
    "52":47935.248945441956,
    "53":23173.48398455619,
    "54":0.0,
    "55":0.0,
    "56":34163.77246170671,
    "57":42294.566952318324,
    "58":67942.81801276094,
    "59":69870.43491703527,
    "60":46693.03375946229,
    "61":0.0,
    "62":22258.09499539828,
    "63":0.0,
    "64":33093.614993309,
    "65":0.0,
    "66":0.0,
    "67":0.0,
    "68":0.0,
    "69":32606.900763111727,
    "70":51605.27769486147,
    "71":41035.35319725782,
    "72":52868.26481702767,
    "73":55465.61041900939,
    "74":0.0,
    "75":0.0,
    "76":0.0,
    "77":29528.208094709953,
    "78":55578.6765443744,
    "79":46029.04726985634,
    "80":53052.850965974634,
    "81":81112.50259604279,
    "82":20729.032482146347
}