{
    "1":2.7754435324519027,
    "2":8.957587387829534,
    "3":16.140271117141623,
    "4":14.660341168117034,
    "5":16.42106490917019,
    "6":16.87097378694563,
    "7":18.60683824131613,
    "8":27.911187555240495,
    "9":0.47612107670548476,
    "10":0.5301508083807849,
    "11":6.388030714822569,
    "12":24.486480912449288,
    "13":23.49513705080967,
    "14":21.131565046758155,
    "15":12.415468926909476,
    "16":0.840420797887909,
    "17":2.5273909955668348,
    "18":16.813703060426448,
    "19":0.2738367800339024,
    "20":21.704888975912265,
    "21":1.1264712765869522,
    "22":10.037654349181867,
    "23":0.5897375821439312,
    "24":14.404003570613481,
    "25":0.8952643514661299,
    "26":9.726864786731113,
    "27":18.738948167649056,
    "28":0.4937096524085924,
    "29":8.677110862612741,
    "30":0.47792519919353305,
    "31":0.980182526137617,
    "32":2.2998846276140448,
    "33":9.948335286588827,
    "34":15.215267893448383,
    "35":26.142855303371658,
    "36":28.022009971098203,
    "37":5.380488126254798,
    "38":17.486861468397436,
    "39":19.148392356901137,
    "40":2.615527136269854,
    "41":0.7577135668030613,
    "42":0.0,
    "43":17.656807985533256,
    "44":1.4952844412408224,
    "45":1.0953217868807525,
    "46":21.893612578814892,
    "47":21.533352802041854,
    "48":12.24635420221825,
    "49":11.193543832137694,
    "50":6.0794670656244785,
    "51":0.8791160866730445,
    "52":0.6067377732225602,
    "53":14.15622985921543,
    "54":17.995097324138342,
    "55":21.955886519383537,
    "56":20.259137547318375,
    "57":28.952958694796155,
    "58":8.407107356233972,
    "59":11.305592036633852,
    "60":0.9637069927978824,
    "61":1.380058646034615,
    "62":13.849343609308612,
    "63":0.3017168109843795,
    "64":1.2222980214924224,
    "65":0.7882086986235817,
    "66":18.222202281204012,
    "67":24.840051856115917,
    "68":14.02189470073512,
    "69":24.511236551605787,
    "70":28.141560723353763,
    "71":0.6917135305876434,
    "72":0.7214199493442499,
    "73":24.59119910554535,
    "74":26.69650970629711,
    "75":7.0410175561373824,
    "76":20.462423618790336,
    "77":14.693287655798743
}