{
    "1":0.0,
    "2":8.092911997139455,
    "3":17.00590500863269,
    "4":21.813871701378382,
    "5":26.935506378365684,
    "6":32.44428496926092,
    "7":37.35932744823397,
    "8":45.401754869073635,
    "9":51.96887329498306,
    "10":61.04935867876746,
    "11":69.47348551939243,
    "12":74.66284272450956,
    "13":83.48861720259305,
    "14":84.6251650691315,
    "15":71.40392984837219,
    "16":55.203929848372184,
    "17":39.97828956356195,
    "18":24.403680987563966,
    "19":22.750193966842307,
    "20":31.77698171465756,
    "21":39.52262089239532,
    "22":44.479147731364755,
    "23":52.22340594290302,
    "24":49.20620820353285,
    "25":50.11153347363242,
    "26":50.83700354354002,
    "27":50.42701072260284,
    "28":44.65255491383955,
    "29":30.164652973773194,
    "30":32.34892448751513,
    "31":28.263432513291722,
    "32":32.37174884805712,
    "33":37.533608052137076,
    "34":46.89178625428374,
    "35":51.46603638506972,
    "36":52.37711307027855,
    "37":51.194219061057204,
    "38":52.98999571358332,
    "39":51.54582624942542,
    "40":48.45695302678387,
    "41":33.5842476849642,
    "42":18.803553166940098,
    "43":23.73144663367536,
    "44":29.284842381897604,
    "45":34.33367319214273,
    "46":39.91248515149694,
    "47":45.83142486699972,
    "48":48.06405821448635,
    "49":31.864058214486352,
    "50":18.93715287756619,
    "51":26.549934497582512,
    "52":33.80385579692644,
    "53":40.366366734835104,
    "54":48.30664733830353,
    "55":51.93032063552656,
    "56":44.545024600201735,
    "57":28.345024600201732,
    "58":23.834772363417496,
    "59":23.915781873390724,
    "60":33.20900619111089,
    "61":42.31654370419746,
    "62":51.36300533678447,
    "63":52.92056915451319,
    "64":51.68951917929122,
    "65":49.15861940881715,
    "66":49.626302910265636,
    "67":49.33438456296467,
    "68":37.32670743275823,
    "69":22.57109701604505,
    "70":29.74681359381338,
    "71":29.017860741181345,
    "72":35.013150379344864,
    "73":43.524888261811846,
    "74":52.80772973468904,
    "75":52.39407121808746
}