{
    "1":0.0,
    "2":5.578811959354208,
    "3":11.497751674856993,
    "4":18.22780137134716,
    "5":23.67632623052225,
    "6":31.049520286582418,
    "7":38.662301906598735,
    "8":43.676766230128706,
    "9":50.9874376021839,
    "10":51.67860012876347,
    "11":48.535391632276706,
    "12":51.03647542409742,
    "13":34.83647542409742,
    "14":18.853776339089045,
    "15":26.131874495494653,
    "16":30.960726622549362,
    "17":38.886819564505956,
    "18":46.13590318347468,
    "19":52.96404915689037,
    "20":51.47759766506508,
    "21":50.616852180655236,
    "22":51.92588863524154,
    "23":49.14012956434407,
    "24":45.28675629410641,
    "25":31.36352638950714,
    "26":17.896400462227444,
    "27":22.806916094735765,
    "28":26.123769652880956,
    "29":26.666352553609986,
    "30":34.31827491887868,
    "31":40.67663588878721,
    "32":49.07546252650231,
    "33":44.19703277272197,
    "34":27.99703277272197,
    "35":35.917402276266614,
    "36":41.36986816784391,
    "37":46.11777105005482,
    "38":52.643463433818084,
    "39":51.80411500586675,
    "40":50.08850042381802,
    "41":51.702442610082336,
    "42":52.95693167915115,
    "43":51.988721383684435,
    "44":52.93633778109693,
    "45":48.83319267431752,
    "46":49.66864451985353,
    "47":39.61501343823389,
    "48":23.415013438233885,
    "49":30.01402499288671,
    "50":38.98792312841281,
    "51":46.29457090893179,
    "52":50.67904617778503,
    "53":51.797543352677806,
    "54":35.5975433526778,
    "55":19.397543352677808,
    "56":25.44579434006786,
    "57":31.794431329158453,
    "58":40.71119235883778,
    "59":48.34248728016703,
    "60":52.39759173920856,
    "61":50.21720469126956,
    "62":51.239792237975756,
    "63":48.62660528927588,
    "64":51.05545782743499,
    "65":49.38872587218427,
    "66":45.42072023631671,
    "67":32.697797712169226,
    "68":16.497797712169227,
    "69":22.87670890706369,
    "70":31.300835747688648,
    "71":36.49019295280577,
    "72":42.63333808073552,
    "73":48.30501038206519,
    "74":43.45624605903015,
    "75":30.783594790629333,
    "76":17.27074382499534,
    "77":22.787343934436546,
    "78":31.86782931822094,
    "79":37.73003173585723,
    "80":43.72532137402075,
    "81":52.15485134584375,
    "82":52.92595493625396
}