{
    "0":4.819277108433735,
    "1":26.506024096385545,
    "2":2.4096385542168677,
    "3":2.4096385542168677,
    "4":0.0,
    "5":0.0,
    "6":1.2048192771084338,
    "7":3.614457831325301,
    "8":0.0,
    "9":1.2048192771084338,
    "10":1.2048192771084338,
    "11":1.2048192771084338,
    "12":1.2048192771084338,
    "13":0.0,
    "14":8.433734939759036,
    "15":0.0,
    "16":2.4096385542168677,
    "17":7.228915662650602,
    "18":8.433734939759036,
    "19":6.024096385542169,
    "20":0.0,
    "21":0.0,
    "22":0.0,
    "23":2.4096385542168677,
    "24":8.433734939759036,
    "25":0.0,
    "26":3.614457831325301,
    "27":3.614457831325301,
    "28":0.0,
    "29":3.614457831325301
}