{
    "0":7.6923076923076925,
    "1":21.794871794871796,
    "2":1.282051282051282,
    "3":5.128205128205128,
    "4":0.0,
    "5":1.282051282051282,
    "6":2.564102564102564,
    "7":1.282051282051282,
    "8":1.282051282051282,
    "9":2.564102564102564,
    "10":3.8461538461538463,
    "11":2.564102564102564,
    "12":2.564102564102564,
    "13":0.0,
    "14":5.128205128205128,
    "15":3.8461538461538463,
    "16":2.564102564102564,
    "17":3.8461538461538463,
    "18":3.8461538461538463,
    "19":3.8461538461538463,
    "20":2.564102564102564,
    "21":1.282051282051282,
    "22":5.128205128205128,
    "23":1.282051282051282,
    "24":1.282051282051282,
    "25":3.8461538461538463,
    "26":1.282051282051282,
    "27":1.282051282051282,
    "28":3.8461538461538463,
    "29":1.282051282051282
}