{
    "0":2.9197080291970803,
    "1":26.277372262773724,
    "2":3.64963503649635,
    "3":1.4598540145985401,
    "4":0.0,
    "5":0.7299270072992701,
    "6":2.9197080291970803,
    "7":1.4598540145985401,
    "8":0.7299270072992701,
    "9":0.0,
    "10":2.9197080291970803,
    "11":2.9197080291970803,
    "12":2.18978102189781,
    "13":4.37956204379562,
    "14":3.64963503649635,
    "15":0.7299270072992701,
    "16":1.4598540145985401,
    "17":2.9197080291970803,
    "18":4.37956204379562,
    "19":2.18978102189781,
    "20":2.18978102189781,
    "21":4.37956204379562,
    "22":2.18978102189781,
    "23":0.7299270072992701,
    "24":5.839416058394161,
    "25":5.109489051094891,
    "26":1.4598540145985401,
    "27":2.18978102189781,
    "28":2.18978102189781,
    "29":5.839416058394161
}