{
    "0":5.263157894736842,
    "1":25.0,
    "2":2.631578947368421,
    "3":2.631578947368421,
    "4":0.0,
    "5":0.0,
    "6":1.3157894736842104,
    "7":0.0,
    "8":2.631578947368421,
    "9":3.9473684210526314,
    "10":1.3157894736842104,
    "11":3.9473684210526314,
    "12":2.631578947368421,
    "13":3.9473684210526314,
    "14":1.3157894736842104,
    "15":1.3157894736842104,
    "16":3.9473684210526314,
    "17":2.631578947368421,
    "18":1.3157894736842104,
    "19":2.631578947368421,
    "20":1.3157894736842104,
    "21":0.0,
    "22":2.631578947368421,
    "23":2.631578947368421,
    "24":6.578947368421052,
    "25":1.3157894736842104,
    "26":3.9473684210526314,
    "27":2.631578947368421,
    "28":1.3157894736842104,
    "29":9.210526315789473
}