{
    "0":5.612244897959184,
    "1":15.306122448979592,
    "2":16.3265306122449,
    "3":20.408163265306122,
    "4":0.0,
    "5":1.0204081632653061,
    "6":2.0408163265306123,
    "7":1.0204081632653061,
    "8":1.530612244897959,
    "9":2.5510204081632653,
    "10":0.5102040816326531,
    "11":2.5510204081632653,
    "12":1.530612244897959,
    "13":1.0204081632653061,
    "14":2.0408163265306123,
    "15":0.5102040816326531,
    "16":1.0204081632653061,
    "17":3.061224489795918,
    "18":3.061224489795918,
    "19":1.530612244897959,
    "20":1.0204081632653061,
    "21":2.0408163265306123,
    "22":0.0,
    "23":0.5102040816326531,
    "24":1.530612244897959,
    "25":1.530612244897959,
    "26":3.061224489795918,
    "27":2.0408163265306123,
    "28":1.530612244897959,
    "29":4.081632653061225
}