{
    "1":2.5529397067894157,
    "2":9.525283152538083,
    "3":12.587117789024532,
    "4":17.69146419265416,
    "5":17.25728286763685,
    "6":18.89580028397891,
    "7":23.104584802525142,
    "8":20.190307594600316,
    "9":26.58899730175815,
    "10":25.933583542133093,
    "11":27.615747111081433,
    "12":28.959563839533548,
    "13":28.961724558884193,
    "14":28.967052175592343,
    "15":0.5625582535475094,
    "16":13.910381424718791,
    "17":26.383599750861414,
    "18":0.7549650168740013,
    "19":14.994952588349037,
    "20":0.3625816033313767,
    "21":27.666345325866672,
    "22":0.3226173394734799,
    "23":17.389498217632195,
    "24":7.164486665219147,
    "25":17.321110038010215,
    "26":12.118125515046883,
    "27":0.5896088766011313,
    "28":0.3582703729119643,
    "29":20.49275329531286,
    "30":0.6469915979285026,
    "31":24.020003322331444,
    "32":6.297816820463634,
    "33":20.729955136135406,
    "34":1.1361068354567347,
    "35":27.333505798200704,
    "36":8.547439343035936,
    "37":14.330432293837049,
    "38":0.6751924101658136,
    "39":24.896866997731014,
    "40":0.8947073967562699,
    "41":0.9942964348577812,
    "42":28.95750222481033,
    "43":1.7451655131528714,
    "44":16.771493953769244,
    "45":3.1330423807704273,
    "46":0.7592467105038821,
    "47":0.7196392863167043,
    "48":0.302697550332594,
    "49":0.6206373141601068,
    "50":0.6202472838304324,
    "51":16.397819377877962,
    "52":24.285145249532345,
    "53":23.590671485776383,
    "54":26.210051066932408,
    "55":9.70937133448383,
    "56":0.9333832203897514,
    "57":14.264669852419448,
    "58":0.4827628768632489,
    "59":9.198748248597584,
    "60":16.54768098766488,
    "61":7.441214487439332,
    "62":0.8250153159377797,
    "63":12.239966578574062,
    "64":0.5526001706394305,
    "65":8.617094838484677,
    "66":21.16850664599989,
    "67":1.0446617049294384,
    "68":0.40542478733477766,
    "69":0.8784866535378718,
    "70":18.6384525975678,
    "71":21.50518303719406,
    "72":20.73551129216398,
    "73":12.775444092697521,
    "74":8.98323783258031,
    "75":7.061755310920693,
    "76":2.933559216319993,
    "77":14.556022757168613,
    "78":1.6011965045697083,
    "79":17.14444684143848,
    "80":0.6898952514642868,
    "81":0.7929908927148311,
    "82":0.37555963625496463,
    "83":1.0868394048194376,
    "84":17.721298390270285,
    "85":9.171105667842342,
    "86":0.74931726491344,
    "87":13.657784056092648,
    "88":8.978035094456363,
    "89":0.8950806021409631,
    "90":0.4968432489188402,
    "91":12.108376016549906,
    "92":16.833613798018476,
    "93":21.680024627127317,
    "94":24.910587759451012,
    "95":27.37433577241682,
    "96":0.4206735111175661,
    "97":9.823520668510849,
    "98":24.959452734446344,
    "99":13.815519612803758,
    "100":2.2641659401978074,
    "101":2.679562709148614,
    "102":1.001209031726746,
    "103":0.7128366876376404,
    "104":1.0480736152389156,
    "105":13.609434657772892,
    "106":20.685647596620978,
    "107":15.799220107937076,
    "108":16.116537976880505,
    "109":18.282032733201177,
    "110":16.067074357836656,
    "111":0.7448640401314655,
    "112":16.78678275755129,
    "113":2.4962671868184696,
    "114":0.0,
    "115":8.856662889202914,
    "116":0.27725956777501654,
    "117":0.9589339594076508,
    "118":1.308058559062421,
    "119":17.016008817283637,
    "120":12.115387360174637,
    "121":9.019281238544595,
    "122":14.335456632240222,
    "123":23.550640794578435,
    "124":28.952975176619884,
    "125":0.48252871572295497,
    "126":6.7507231594103265,
    "127":2.9804989100619452,
    "128":16.764050353846102,
    "129":10.273281291034698,
    "130":0.8271525485507031,
    "131":2.128499101310331,
    "132":14.749275590809923,
    "133":1.0121365611701407,
    "134":6.3691124734895554,
    "135":24.209925215681068,
    "136":0.8149392863419817,
    "137":10.492491793151826,
    "138":1.264484712818194,
    "139":0.7575398224808332,
    "140":18.77201789514091,
    "141":3.01827732514031,
    "142":5.814615165617926,
    "143":2.343573880499655,
    "144":1.0877381844662461,
    "145":17.83409776777149,
    "146":1.145030176133197,
    "147":13.322237413538199,
    "148":2.7716285684482957,
    "149":13.590709798981443,
    "150":0.911547821306221,
    "151":0.9641196880338903,
    "152":0.7234785910993133,
    "153":18.968938484713526,
    "154":15.98314235161951,
    "155":11.220020290767664,
    "156":13.096128178465952,
    "157":26.914604382347918,
    "158":23.587116791741344,
    "159":18.717089464743633,
    "160":0.47636183298780843,
    "161":6.59834206040295,
    "162":14.809443308872172,
    "163":0.4615164816363856,
    "164":9.222635411500205,
    "165":0.7032391369988014,
    "166":0.9407068023064538,
    "167":20.454737385765497,
    "168":16.822167423479712,
    "169":20.285158130911892,
    "170":24.135632844249695,
    "171":13.284060156934201,
    "172":0.9262779680681708,
    "173":18.39966008720608,
    "174":2.9660473763501027,
    "175":22.134169596638756,
    "176":12.154350998074815,
    "177":0.7807789441479623,
    "178":0.9179755657149211,
    "179":0.7034670902582081,
    "180":16.64887521787798,
    "181":24.2444123592591,
    "182":25.91996276665165,
    "183":23.333885100138616,
    "184":0.32586669441854943,
    "185":9.684586546114014,
    "186":1.9842099915783489,
    "187":1.1527264514215918,
    "188":2.713441347534855,
    "189":25.178356009218906,
    "190":10.540539300247277,
    "191":1.1272187164906637,
    "192":1.1139149903700944,
    "193":17.671022920656686,
    "194":25.828319527987098,
    "195":23.421595817478,
    "196":28.961188719600937,
    "197":0.6993424827987699,
    "198":5.812355623487831,
    "199":9.770157626276594,
    "200":1.1081497177340978,
    "201":22.098423470813863,
    "202":6.727594291249122,
    "203":16.529829807552378
}