{
    "1":0.0,
    "2":7.121918091662228,
    "3":13.204113137796522,
    "4":17.98461215766147,
    "5":27.02888089444489,
    "6":34.483685955656696,
    "7":39.92671468013898,
    "8":46.62125630663708,
    "9":52.91582452149131,
    "10":60.295328495800504,
    "11":67.07265997231008,
    "12":73.77178151872941,
    "13":78.72809510716239,
    "14":84.72555275249297,
    "15":91.52755595597442,
    "16":98.11323565693573,
    "17":96.73435626612046,
    "18":100.37766174302436,
    "19":99.0919223652687,
    "20":97.79836096990854,
    "21":99.8388266377151,
    "22":100.70602345917375,
    "23":97.99709997877478,
    "24":98.74664778051898,
    "25":98.47593271440827,
    "26":100.65204852646218,
    "27":97.65824342164211,
    "28":96.56258440604434,
    "29":100.41389813552611,
    "30":98.14746310791,
    "31":100.61605412176812,
    "32":99.40806925160811,
    "33":100.20742568758317,
    "34":92.92767975809944,
    "35":76.72767975809944,
    "36":62.279742260453816,
    "37":46.07974226045382,
    "38":30.19328486877456,
    "39":37.46609232825189,
    "40":45.18141088011636,
    "41":52.06724030400173,
    "42":48.83247066849389,
    "43":52.468887941460245,
    "44":48.42465765669488,
    "45":48.83319267431752,
    "46":49.66864451985353,
    "47":52.79026977182844,
    "48":50.70314992168465,
    "49":41.773151771007534,
    "50":29.510531054544707,
    "51":35.39208651572044,
    "52":42.15957223677586,
    "53":47.73838419613006,
    "54":49.56205317887955,
    "55":50.373163159866934,
    "56":49.09163832255186,
    "57":38.43114079392256,
    "58":23.464131329848637,
    "59":24.922562254710662,
    "60":27.884188650545276,
    "61":32.68469202562848,
    "62":39.52088062405267,
    "63":48.0136926200209,
    "64":48.9293602912362,
    "65":48.69478036323109,
    "66":51.56658774614812,
    "67":48.57591065292724,
    "68":52.91793435764977,
    "69":48.72032982407615,
    "70":35.15637530424677,
    "71":21.655584368528352,
    "72":20.409085608972692,
    "73":22.697348895948835,
    "74":30.328643817278085,
    "75":39.08312209310988,
    "76":45.65721332100266,
    "77":51.239792237975756,
    "78":52.53891778708913,
    "79":51.736025460516224,
    "80":48.68192567393662,
    "81":51.003972870907866,
    "82":49.55208845136233,
    "83":51.37574766546965,
    "84":52.21554696663761,
    "85":50.8970347627207,
    "86":50.205624401285434,
    "87":49.15999861477421,
    "88":52.37192001556524,
    "89":52.72359884716117,
    "90":48.60228022818,
    "91":52.710596562945405,
    "92":52.09872712174908,
    "93":51.60524532648281,
    "94":48.566024917219885,
    "95":51.49708812186041,
    "96":49.63840310154029,
    "97":52.15485134584375,
    "98":43.51512973597007,
    "99":27.31512973597007,
    "100":36.17268621946418,
    "101":42.34354014617124,
    "102":48.20574256380753,
    "103":49.2224304405275,
    "104":52.741177290924945,
    "105":49.44477685235918,
    "106":51.56348296692141,
    "107":52.2442369929097,
    "108":48.4714412226762,
    "109":50.076426916918834,
    "110":51.183061531386464,
    "111":49.09200302100287,
    "112":49.69136445076683,
    "113":48.339784745159676,
    "114":49.611019214918024,
    "115":50.72945205647976,
    "116":50.50642078054616,
    "117":51.56920640533336,
    "118":49.09557935495407,
    "119":51.494622491668096,
    "120":52.46571133267612,
    "121":50.736064537125756,
    "122":49.872205131347414,
    "123":48.83035955944576,
    "124":50.822468040422656,
    "125":51.676081312880974,
    "126":49.509345211903685,
    "127":51.73498371509382,
    "128":50.34857927700051,
    "129":50.666211733049835,
    "130":52.96559080966295,
    "131":49.223020669841326,
    "132":48.67823575731845,
    "133":52.51979642874108,
    "134":50.63175353942917,
    "135":52.381343505405944,
    "136":50.07768404858664,
    "137":50.168723405585745,
    "138":50.46972730165825,
    "139":52.82291180543148,
    "140":50.77623703246483,
    "141":51.58777653720708,
    "142":48.43734346916445,
    "143":50.15839823360101,
    "144":50.9874376021839,
    "145":50.08438945218467,
    "146":47.320814163272566,
    "147":31.120814163272563,
    "148":17.395046810263132,
    "149":22.59610751833517,
    "150":29.75022806675855,
    "151":35.12669814166363,
    "152":40.11018996756274,
    "153":46.162810518441084,
    "154":49.83525477570959,
    "155":50.4258551722254,
    "156":48.764144821115885,
    "157":48.665613003834274,
    "158":52.14472082956241,
    "159":48.551388055100226,
    "160":49.471777877197724,
    "161":38.5589278541005,
    "162":23.958827432716525,
    "163":32.12992180712175,
    "164":39.623496704144664,
    "165":46.470443763040265,
    "166":52.97877337168448,
    "167":52.68521660983109,
    "168":49.49581220837788,
    "169":51.438220423828,
    "170":50.61369310865657,
    "171":50.23449400145107,
    "172":52.34411128522375,
    "173":41.67592963377497,
    "174":27.59274932077172,
    "175":16.931326878816,
    "176":21.77211029416893,
    "177":31.06533461188909,
    "178":40.17287212497566,
    "179":46.33304229852755,
    "180":48.70033057821461,
    "181":52.67658283214562,
    "182":52.76064896437817,
    "183":51.78570993814164,
    "184":51.774161588992115,
    "185":50.805495108277654,
    "186":49.796254634200714,
    "187":36.808090262944425,
    "188":20.608090262944426,
    "189":25.855304903854233,
    "190":35.050752107166296,
    "191":44.14280977856422,
    "192":48.98675723331527,
    "193":49.40685926247866,
    "194":49.88235208169104,
    "195":50.1720196522075,
    "196":49.46667762993381,
    "197":52.80487335066789,
    "198":51.765857961396804,
    "199":50.55872274598585
}